BNB,0xB8c77482e45F1F44dE1745F52C74426C631bDD52,18
USDC,0xa0b86991c6218b36c1d19d4a2e9eb0ce3606eb48,6
MKR,0x9f8f72aa9304c8b593d555f12ef6589cc3a579a2,18
VEN,0xd850942ef8811f2a866692a623011bde52a462c1,18
TUSD,0x0000000000085d4780B73119b644AE5ecd22b376,18
OMG,0xd26114cd6EE289AccF82350c8d8487fedB8A0C07,18
ZIL,0x05f4a42e251f2d52b8ed15e9fedaacfcef1fad27,12
ZRX,0xe41d2489571d322189246dafa5ebde1f4699f498,18
BAT,0x0d8775f648430679a709e98d2b0cb6250d2887ef,18
LINK,0x514910771af9ca656af840dff83e8264ecf986ca,18
PAX,0x8e870d67f660d95d5be530380d0ec0bd388289e1,18
ICX,0xb5a5f22694352c15b00323844ad545abb2b11028,18
REP,0x1985365e9f78359a9B6AD760e32412f4a445E862,18
R,0x48f775efbe4f5ece6e0df2f7b5932df56823b990,0
GUSD,0x056fd409e1d7a124bd7017459dfea2f387b6d5cd,2
AE,0x5ca9a71b1d01849c0a95490cc00559717fcf0d1d,18
NPXS,0xa15c7ebe1f07caf6bff097d8a589fb8ac49ae5b3,18
BTM,0xcb97e65f07da24d46bcdd078ebebd7c6e6e3d750,8
IOST,0xfa1a856cfa3409cfa145fa4e20eb270df3eb21ab,18
SNT,0x744d70fdbe2ba4cf95131626614a1763df805b9e,18
DAI,0x89d24a6b4ccb1b6faa2625fe562bdd9a23260359,18
PPT,0xd4fa1460f537bb9085d22c7bccb5dd450ef28e3a,8
MCO,0xb63b606ac810a52cca15e44bb630fd42d8d1d83d,8
AOA,0x9ab165d795019b6d8b3e971dda91071421305e5a,18
GNT,0xa74476443119A942dE498590Fe1f2454d7D4aC0d,18
BCZERO,0xd45247c07379d94904e0a87b4481f0a1ddfa0c64,18
ODEM,0xbf52f2ab39e26e0951d2a02b49b7702abe30406a,18
HT,0x6f259637dcd74c767781e37bc6133cd6a68aa161,18
Dentacoin,0x08d32b0da63e2C3bcF8019c9c5d849d7a9d791e6,0
INB,0x17aa18a4b64a55abed7fa543f2ba4e91f2dce482,18
WTC,0xb7cb1c96db6b22b0d3d9536e0108d062bd488f74,18
PRL,0x1844b21593262668b7248d0f57a220caaba46ab9,18
MANA,0x0f5d2fb29fb7d3cfee444a200298f468908cc942,18
MGO,0x40395044Ac3c0C57051906dA938B54BD6557F212,8
NEXO,0xb62132e35a6c13ee1ee0f84dc5d40bad8d815206,18
AION,0x4CEdA7906a5Ed2179785Cd3A40A69ee8bc99C466,8
BNT,0x1f573d6fb3f13d689ff844b4ce37794d79a7ff1c,18
DGD,0xe0b7927c4af23765cb51314a0e0521a9645f0e2a,9
LKY,0x49bd2da75b1f7af1e4dfd6b1125fecde59dbec58,18
EURS,0xdb25f211ab05b1c97d595516f45794528a807ad8,2
POLY,0x9992ec3cf6a55b00978cddf2b27bc6882d88d1ec,18
QASH,0x618e75ac90b12c6049ba3b27f5d5f8651b0037f6,6
CRO,0xa0b73e1ff0b80914ab6fe0444e65848c4c34450b,8
THETA,0x3883f5e181fccaf8410fa61e12b59bad963fb645,18
DGTX,0x1c83501478f1320977047008496dacbd60bb15ef,18
LRC,0xef68e7c694f40c8202821edf525de3782458639f,18
WAX,0x39bb259f66e1c59d5abef88375979b4d20d98022,8
ELF,0xbf2179859fc6d5bee9bf9158632dc51678a4100e,18
VERI,0x8f3470A7388c05eE4e7AF3d01D8C722b0FF52374,18
POWR,0x595832f8fc6bf59c85c527fec3740a1b7a361269,6
EDR,0xc528c28fec0a90c083328bc45f587ee215760a0f,18
QKC,0xea26c4ac16d4a5a106820bc8aee85fd0b7b2b664,18
LOOM,0xa4e8c3ec456107ea67d3075bf9e3df3a75823db0,18
ENJ,0xf629cbd94d3791c9250152bd8dfbdf380e2a3b9c,18
AGI,0x8eb24319393716668d768dcec29356ae9cffe285,8
RNT,0xff603f43946a3a28df5e6a73172555d8c8b02386,18
NAS,0x5d65D971895Edc438f465c17DB6992698a52318D,18
KIN,0x818fc6c2ec5986bc6e2cbf00939d90556ab12ce5,18
WIC,0x4f878c0852722b0976a955d68b376e4cd4ae99e5,8
NULS,0xb91318f35bdb262e9423bc7c7c2a3a93dd93c92c,18
EDO,0xced4e93198734ddaff8492d525bd258d49eb388e,18
BHPC,0xee74110fb5a1007b06282e0de5d73a61bf41d9cd,18
FUN,0x419d0d8bdd9af5e606ae2232ed285aff190e711b,8
ENG,0xf0ee6b27b759c9893ce4f094b49ad28fd15a23e4,8
DRGN,0x419c4db4b9e25d6db2ad9691ccb832c8d9fda05e,18
SAN,0x7c5a0ce9267ed19b22f8cae653f198e3e8daf098,18
QNT,0x4a220e6096b25eadb88358cb44068a3248254675,18
CENNZ,0x1122b6a0e00dce0563082b6e2953f3a943855c1f,18
NEC,0xcc80c051057b774cd75067dc48f8987c4eb97a5e,18
KNC,0xdd974d5c2e2928dea5f71b9825b8b646686bd200,18
DENT,0x3597bfd533a99c9aa083587b074434e61eb0a258,8
OCN,0x4092678e4e78230f46a1534c0fbc8fa39780892b,18
SXDT,0x12b306fa98f4cbb8d4457fdff3a0a0a56f07ccdf,18
ICN,0x888666CA69E0f178DED6D75b5726Cee99A87D698,18
PAY,0xB97048628DB6B661D4C2aA833e95Dbe1A905B280,18
CMT,0xf85feea2fdd81d51177f6b8f35f0e6734ce45f5f,18
EDG,0x08711d3b02c8758f2fb3ab4e80228418a7f8e39c,0
STORJ,0xb64ef51c888972c908cfacf59b47c1afbc0ab8ac,8
SALT,0x4156D3342D5c385a87D264F90653733592000581,8
BRD,0x558ec3152e2eb2174905cd19aea4e34a23de9ad6,18
SUB,0x12480e24eb5bec1a9d4369cab6a80cad3c0a377a,2
CVC,0x41e5560054824ea6b0732e656e3ad64e20e94e45,8
SRN,0x68d57c9a1c35f63e2c83ee8e49a64e9d70528d25,18
MXM,0x6a750d255416483bec1a31ca7050c6dac4263b57,18
CTXC,0xea11755ae41d889ceec39a63e6ff75a02bc1c00d,18
TEN,0xdd16ec0f66e54d453e6756713e533355989040e4,18
AUTO,0x622dFfCc4e83C64ba959530A5a5580687a57581b,18
GVT,0x103c3A209da59d3E7C4A89307e66521e081CFDF0,18
XYO,0x55296f69f40ea6d20e478533c15a6b08b654e758,18
REQ,0x8f8221afbb33998d8584a2b05749ba73c37a938a,18
TOMO,0x8b353021189375591723e7384262f45709a3c3dc,18
BIX,0xb3104b4b9da82025e8b9f8fb28b3553ce2f67069,18
STORM,0xd0a4b8946cb52f0661273bfbc6fd0e0c75fc6433,18
RLC,0x607F4C5BB672230e8672085532f7e901544a7375,9
TCT,0x4824a7b64e3966b0133f4f4ffb1b9d6beb75fff7,18
CREDO,0x4e0603e2a27a30480e5e3a4fe548e29ef12f64be,18
C20,0x26e75307fc0c021472feb8f727839531f112f317,18
MDA,0x51db5ad35c671a87207d88fc11d593ac0c8415bd,18
TEL,0x85e076361cc813a908ff672f9bad1541474402b2,2
CND,0xd4c435f5b09f855c3317c8524cb1f586e42795fa,18
OSA,0xc6abf3c09341741ac6041b0b08195701bdfd460c,18
MFT,0xdf2c7238198ad8b389666574f2d8bc411a4b7428,18
ANT,0x960b236A07cf122663c4303350609A66A7B288C0,18
BZNT,0xe1aee98495365fc179699c1bb3e761fa716bee62,18
GTO,0xc5bbae50781be1669306b9e001eff57a2957b09d,5
POE,0x0e0989b1f9b8a38983c2ba8053269ca62ec9b195,8
QBIT,0x1602af2c782cc03f9241992e243290fccf73bb13,18
REN,0x408e41876cccdc0f92210600ef50372656052a38,18
CS,0x46b9ad944d1059450da1163511069c718f699d31,6
GNO,0x6810e776880c02933d47db1b9fc05908e5386b96,18
PMA,0x846c66cf71c43f80403b51fe3906b3599d63336f,18
DATA,0x0cf0ee63788a0849fe5297f3407f701e122cc023,18
STACS,0x286708f069225905194673755f12359e6aff6fe1,18
XET,0x054c64741dbafdc19784505494029823d89c3b13,8
FSN,0xd0352a019e9ab9d757776f532377aaebd36fd541,18
RDN,0x255aa6df07540cb5d3d297f0d0d4d84cb52bc8e6,18
PLR,0xe3818504c1b32bf1557b16c238b2e01fd3149c17,18
APIS,0x4c0fbe1bb46612915e7967d2c3213cd4d87257ad,18
SWM,0x9e88613418cf03dca54d6a2cf6ad934a78c7a17a,18
DMT,0x2ccbff3a042c68716ed2a2cb0c544a9f1d1935e1,8
IOTX,0x6fb3e0a217407efff7ca062d46c26e5d60a14d69,18
nCash,0x809826cceab68c387726af962713b64cb5cb3cca,18
DEW,0x20e94867794dba030ee287f1406e100d03c84cd3,18
MAN,0xe25bcec5d3801ce3a794079bf94adf1b8ccd802d,18
ETHOS,0x5af2be193a6abca9c8817001f45744777db30756,8
SPHTX,0x3833dda0aeb6947b98ce454d89366cba8cc55528,18
VEE,0x340d2bde5eb28c1eed91b2f790723e3b160613b7,18
AMB,0x4dc3643dbc642b72c158e7f3d2ff232df61cb6ce,18
UTK,0x70a72833d6bf7f508c8224ce59ea1ef3d0ea3a38,18
NEU,0xa823e6722006afe99e91c30ff5295052fe6b8e32,18
LOC,0x5e3346444010135322268a4630d2ed5f8d09446c,18
INS,0x5b2e4a700dfbc560061e957edec8f6eeeb74a320,10
UTNP,0x9e3319636e2126e3c0bc9e3134aec5e1508a46c7,18
QRL,0x697beac28b09e122c4332d163985e8a73121b97f,8
QSP,0x99ea4db9ee77acd40b119bd1dc4e33e1c070b80d,18
MEDX,0xfd1e80508f243e64ce234ea88a5fd2827c71d4b7,8
NOAH,0x58a4884182d9e835597f405e5f258290e46ae7c2,18
MTL,0xF433089366899D83a9f26A773D59ec7eCF30355e,8
PRG,0x7728dFEF5aBd468669EB7f9b48A7f70a501eD29D,6
RUFF,0xf278c1ca969095ffddded020290cf8b5c424ace2,18
CNUS,0x722f2f3eac7e9597c73a593f7cf3de33fbfc3308,18
UTT,0x16f812be7fff02caf662b85d5d58a5da6572d4df,8
ITC,0x5e6b6d9abad9093fdc861ea1600eba1b355cd940,18
COSS,0x9e96604445ec19ffed9a5e8dd7b50a29c899a10c,18
LEND,0x80fB784B7eD66730e8b1DBd9820aFD29931aab03,18
BLZ,0x5732046a883704404f284ce41ffadd5b007fd668,18
CHX,0x1460a58096d80a50a2f1f956dda497611fa4f165,18
GTC,0xB70835D7822eBB9426B56543E391846C107bd32C,18
HPB,0x38c6a68304cdefb9bec48bbfaaba5c5b47818bb2,18
VIBE,0xe8ff5c9c75deb346acac493c463c8950be03dfba,18
BRZC,0xe12128d653b62f08fbed56bdeb65db729b6691c3,18
CRPT,0x80a7e048f37a50500351c204cb407766fa3bae7f,18
BAX,0x9a0242b7a33dacbe40edb927834f96eb39f8fbcb,18
ECOREAL,0xb052f8a33d8bb068414eade06af6955199f9f010,18
PPP,0xc42209aCcC14029c1012fB5680D95fBd6036E2a0,18
ABT,0xb98d4c97425d9908e66e53a6fdf673acca0be986,18
WaBi,0x286BDA1413a2Df81731D4930ce2F862a35A609fE,18
KEY,0x4cc19356f2d37338b9802aa8e8fc58b0373296e7,18
WINGS,0x667088b212ce3d06a1b553a7221E1fD19000d9aF,18
SNM,0x983f6d60db79ea8ca4eb9968c6aff8cfa04b3c63,18
RHOC,0x168296bb09e24a88805cb9c33356536b980d3fc5,8
CPT,0x88d50b466be55222019d71f9e8fae17f5f45fca1,8
ADX,0x4470BB87d77b963A013DB939BE332f927f2b992e,4
FTM,0x4e15361fd6b4bb609fa63c81a2be19d873717870,18
DNT,0x0abdace70d3790235af448c88547603b945604ea,18
MOD,0x957c30ab0426e0c93cd8241e2c60392d08c6ac8e,0
TKN,0xaaaf91d9b90df800df4f55c205fd6989c977e73a,8
DBET,0x9b68bfae21df5a510931a262cecf63f41338f264,18
MWAT,0x6425c6be902d692ae2db752b3c268afadb099d3b,18
JNT,0xa5fd1a791c4dfcaacc963d4f73c6ae5824149ea7,18
TRIO,0x8b40761142b9aa6dc8964e61d0585995425c3d94,18
ARC,0xAc709FcB44a43c35F0DA4e3163b117A17F3770f5,18
IHT,0xeda8b016efa8b1161208cf041cd86972eee0f31e,18
WPR,0x4CF488387F035FF08c371515562CBa712f9015d4,18
CZR,0x0223fc70574214f65813fe336d870ac47e147fae,18
SCRL,0x24dcc881e7dd730546834452f21872d5cb4b5293,18
MOC,0x865ec58b06bf6305b886793aa20a2da31d034e68,18
VITE,0x1b793e49237758dbd8b752afc9eb4b329d5da016,18
CNN,0x8713d26637cf49e1b6b4a7ce57106aabc9325343,18
MLN,0xBEB9eF514a379B997e0798FDcC901Ee474B6D9A1,18
SNGLS,0xaec2e87e0a235266d9c5adc9deb4b2e29b54d009,0
CVT,0xbe428c3867f05dea2a89fc76a102b544eac7f772,18
POA20,0x6758b7d441a9739b98552b373703d8d3d14f9e62,18
KAN,0x1410434b0346f5be678d0fb554e5c7ab620f8f4a,18
MET,0xa3d58c4e56fedcae3a7c43a725aee9a71f0ece4e,18
CPC,0xfAE4Ee59CDd86e3Be9e8b90b53AA866327D7c090,18
COSM,0xc4bcd64cb216d49fd3c643a32762f34626b45a1a,18
LA,0xe50365f5d679cb98a1dd62d6f6e58e59321bcddf,18
QNTU,0x4234f63b1d202f6c016ca3b6a0d41d7d85f17716,18
CFI,0x12fef5e57bf45873cd9b62e9dbd7bfb99e32d73e,18
MDS,0x66186008C1050627F979d464eABb258860563dbE,18
LGO,0x123ab195dd38b1b40510d467a6a359b201af056f,8
QCH,0x687bfc3e73f6af55f0ccca8450114d107e781a0e,18
LYM,0x57ad67acf9bf015e4820fbd66ea1a21bed8852ec,18
INT,0x0b76544f6c413a555f309bf76260d1e02377c02a,6
TRAC,0xaa7a9ca87d3694b5755f213b5d04094b8d0f0a6f,18
PRE,0x88a3e4f35d64aad41a6d4030ac9afe4356cb84fa,18
PST,0x5d4abc77b8405ad177d8ac6682d584ecbfd46cec,18
RCN,0xf970b8e36e23f7fc3fd752eea86f8be8d83375a6,18
ZIP,0xa9d2927d3a04309e008b6af6e2e282ae2952e7fd,18
BTO,0x36905fc93280f52362a1cbab151f25dc46742fb5,18
RTH,0x3fd8f39a962efda04956981c31ab89fab5fb8bc8,18
RFR,0xd0929d411954c47438dc1d871dd6081f5c5e149c,4
SKB,0x4af328c52921706dcb739f25786210499169afe6,8
ROX,0x574f84108a98c575794f75483d801d1d5dc861a5,18
DLT,0x07e3c70653548b04f0a75970c1f81b4cbbfb606f,18
HYDRO,0xebbdf302c940c6bfd49c6b165f457fdb324649bc,18
TNT,0x08f5a9235b08173b7569f83645d2c7fb55e8ccd8,8
MSP,0x68AA3F232dA9bdC2343465545794ef3eEa5209BD,18
DAPS,0x93190dbce9b9bd4aa546270a8d1d65905b5fdd28,18
NPX,0x28b5e12cce51f15594b0b91d5b5adaa70f684a02,2
COB,0xb2f7eb1f2c37645be61d73953035360e768d81e6,18
LBA,0xfe5f141bf94fe84bc28ded0ab966c16b17490657,18
CDT,0x177d39ac676ed1c67a2b268ad7f1e58826e5b0af,18
PAI,0xb9bb08ab7e9fa0a1356bd4a39ec0ca267e03b0b3,18
CAS,0xe8780b48bdb05f928697a5e8155f672ed91462f7,18
TTC ,0x9389434852b94bbad4c8afed5b7bdbc5ff0c2275,18
EKT,0xbab165df9455aa0f2aed1f2565520b91ddadb4c8,8
MTH,0xaf4dce16da2877f8c9e00544c93b62ac40631f16,5
ECOM,0x171d750d42d661b62c277a6b486adb82348c3eca,18
TFD,0xe5f166c0d8872b68790061317bb6cca04582c912,18
META,0xde2f7766c8bf14ca67193128535e5c7454f8387c,18
ATX,0x1a0f2ab46ec630f9fd638029027b552afa64b94c,18
SOC,0x2d0e95bd4795d7ace0da3c0ff7b706a5970eb9d3,18
TIX,0xea1f346faf023f974eb5adaf088bbcdf02d761f4,18
EVX,0xf3db5fa2c66b7af3eb0c0b782510816cbe4813b8,4
DX,0x973e52691176d36453868d9d86572788d27041a9,18
FOTA,0x4270bb238f6dd8b1c3ca01f96ca65b2647c06d3c,18
ARN,0xBA5F11b16B155792Cf3B2E6880E8706859A8AEB6,8
BPT,0x327682779bab2bf4d1337e8974ab9de8275a7ca8,18
GRID,0x12b19d3e2ccc14da04fae33e63652ce469b3f2fd,12
COV,0xe2fb6529ef566a080e6d23de0bd351311087d567,18
BCV,0x1014613e2b3cbc4d575054d4982e580d9b99d7b1,8
CCCX,0x378903a03fb2c3ac76bb52773e3ce11340377a32,18
HUM,0xb0514a5b4aa58ac6e954f537598dd42a71916581,18
SSP,0x624d520bab2e4ad83935fa503fb130614374e850,4
NGC,0x72dd4b6bd852a3aa172be4d6c5a6dbec588cf131,18
UPP,0xc86d054809623432210c107af2e3f619dcfbf652,18
VIB,0x2C974B2d0BA1716E644c1FC59982a89DDD2fF724,18
SPANK,0x42d6622dece394b54999fbd73d108123806f6a18,18
APPC,0x1a7a8bd9106f2b8d977e08582dc7d24c723ab0db,18
YOYOW,0xcbeaec699431857fdb4d37addbbdc20e132d4903,18
DCC,0xffa93aacf49297d51e211817452839052fdfb961,18
RBLX,0xfc2c4d8f95002c14ed0a7aa65102cac9e5953b5e,18
PLBT,0x0affa06e7fbe5bc9a764c979aa66e8256a631f02,6
Xaurum,0x4DF812F6064def1e5e029f1ca858777CC98D2D81,8
INO,0xc9859fccc876e6b4b3c749c5d29ea04f48acb74f,0
MRK,0xf453b5b9d4e0b5c62ffb256bb2378cc2bc8e8a89,8
XCEL,0xf6276830c265a779a2225b9d2fcbab790cbeb92b,18
NMR,0x1776e1f26f98b1a5df9cd347953a26dd3cb46671,18
FUEL,0xea38eaa3c86c8f9b751533ba2e562deb9acded40,18
DNA,0x82b0e50478eeafde392d45d1259ed1071b6fda81,18
AST,0x27054b13b1b798b345b591a4d22e6562d47ea75a,4
GNX,0x6ec8a24cabdc339a06a172f8223ea557055adaa5,9
IMT,0x13119e34e140097a507b07a5564bde1bc375d9e6,18
TTV,0xa838be6e4b760e6061d4732d6b9f11bf578f9a76,18
SPD,0x1dea979ae76f26071870f824088da78979eb91c8,18
STQ,0x5c3a228510d246b78a3765c20221cbf3082b44a4,18
DGX,0x4f3afec4e5a3f2a6a1a411def7d7dfe50ee057bf,9
CHSB,0xba9d4199fab4f26efe3551d490e3821486f135ba,8
TAU,0xc27a2f05fa577a83ba0fdb4c38443c0718356501,18
SWFTC,0x0bb217e40f8a5cb79adf04e1aab60e5abd0dfc1e,8
B2BX,0x5d51fcced3114a8bb5e90cdd0f9d682bcbcc5393,18
AURA,0xcdcfc0f66c522fd086a1b725ea3c0eeb9f9e8814,18
BBC,0xe7D3e4413E29ae35B0893140F4500965c74365e5,18
XPA,0x90528aeb3a2b736b780fd1b6c478bb7e1d643170,18
QAU,0x671abbe5ce652491985342e85428eb1b07bc6c64,8
DOCK,0xe5dada80aa6477e85d09747f2842f7993d0df71c,18
BZ,0x4375e7ad8a01b8ec3ed041399f62d9cd120e0063,18
XRL,0xb24754be79281553dc1adc160ddf5cd9b74361a4,9
OIO,0xa3efef1a1e3d1ad72b9d0f4253e7c9c084c2c08b,18
ADT,0xd0d6d6c5fe4a677d343cc433536bb717bae167dd,9
LUN,0xfa05A73FfE78ef8f1a739473e462c54bae6567D9,18
ZCN,0xb9EF770B6A5e12E45983C5D80545258aA38F3B78,10
UKG,0x24692791bc444c5cd0b81e3cbcaba4b04acd1f3b,18
LND,0x0947b0e6d821378805c9598291385ce7c791a6b2,18
SDA,0x4212fea9fec90236ecc51e41e2096b16ceb84555,18
KICK,0x27695e09149adc738a978e9a678f99e4c39e9eb9,8
NANJ,0xffe02ee4c69edf1b340fcad64fbd6b37a7b9e265,8
BCPT,0x1c4481750daa5ff521a2a7490d9981ed46465dbd,18
NCT,0x9e46a38f5daabe8683e10793b06749eef7d733d1,18
EDN,0x05860d453c7974cbf46508c06cba14e211c629ce,18
CAG,0x7d4b8cce0591c9044a22ee543533b72e976e36c3,18
XES,0xa017ac5fac5941f95010b12570b812c974469c2c,18
BWX,0xbd168cbf9d3a375b38dc51a202b5e8a4e52069ed,18
ROCK2,0xC16b542ff490e01fcc0DC58a60e1EFdc3e357cA6,0
HMC,0xAa0bb10CEc1fa372eb3Abc17C933FC6ba863DD9E,18
REM,0x83984d6142934bb535793a82adb0a46ef0f66b6d,4
TAAS,0xe7775a6e9bcf904eb39da2b68c5efb4f9360e08c,6
GET,0x8a854288a5976036a725879164ca3e91d30c6a1b,18
ZCO,0x2008e3057bd734e10ad13c9eae45ff132abc1722,8
FTT,0x2aec18c5500f21359ce1bea5dc1777344df4c0dc,18
SENT,0xa44e5137293e855b1b7bc7e2c6f8cd796ffcb037,8
XMX,0x0f8c45b896784a1e408526b9300519ef8660209c,8
RNTB,0x1fe70be734e473e5721ea57c8b5b01e6caa52686,18
DACS,0xa31108e5bab5494560db34c95492658af239357c,18
CEEK,0xb056c38f6b7dc4064367403e26424cd2c60655e1,18
XDCE,0x41ab1b6fcbb2fa9dced81acbdec13ea6315f2bf2,18
DADI,0xfb2f26f266fb2805a387230f2aa0a331b4d96fba,18
CXO,0xb6ee9668771a79be7967ee29a63d4184f8097143,18
GSC,0x228ba514309ffdf03a81a205a6d040e429d6e80c,18
GIM,0xae4f56f072c34c0a65b3ae3e4db797d831439d93,8
QUN,0x264dc2dedcdcbb897561a57cba5085ca416fb7b4,18
MOT,0x263c618480dbe35c300d8d5ecda19bbb986acaed,18
DEC,0x89c6c856a6db3e46107163d0cda7a7ff211bd655,18
HBT,0xdd6c68bb32462e01705011a4e2ad1a60740f217f,15
CSNO,0x29d75277ac7f0335b2165d0895e8725cbf658d73,8
cV,0xda6cb58a0d0c01610a29c5a65c303e13e885887c,18
PAL,0xfedae5642668f8636a11987ff386bfd215f942ee,18
FNKOS,0x0707681f344deb24184037fc0228856f2137b02e,18
IVY,0xA4eA687A2A7F29cF2dc66B39c68e4411C0D00C49,18
GEN,0x543ff227f64aa17ea132bf9886cab5db55dcaddf,18
UBT,0x8400d94a5cb0fa0d041a3788e395285d61c9ee5e,8
TRXC,0xad5fe5b0b8ec8ff4565204990e4405b2da117d8e,0
Gene,0x884181554dfa9e578d36379919c05c25dc4a15bb,18
FXT,0x1829aa045e21e0d59580024a951db48096e01782,18
WTT,0x84119cb33e8f590d75c2d6ea4e6b0741a7494eda,0
Soar,0xD65960FAcb8E4a2dFcb2C2212cb2e44a02e2a57E,6
GAT,0x687174f8c49ceb7729d925c3a961507ea4ac7b28,18
HVN,0xC0Eb85285d83217CD7c891702bcbC0FC401E2D9D,8
Seele,0xb1eef147028e9f480dbc5ccaa3277d417d1b85f0,18
ROL,0x2e071D2966Aa7D8dECB1005885bA1977D6038A65,16
EBC,0x31f3d9d1bece0c033ff78fa6da60a6048f3e13c5,18
DIVX,0x13f11c9905a08ca76e3e853be63d4f0944326c72,18
BKX,0x45245bc59219eeaaf6cd3f382e078a461ff9de7b,18
BBK,0x4a6058666cf1057eac3cd3a5a614620547559fc9,18
CBT,0x076C97e1c869072eE22f8c91978C99B4bcB02591,18
UUU,0x3543638ed4a9006e4840b105944271bcea15605d,18
MRPH,0x7b0c06043468469967dba22d1af33d77d44056c8,4
DRP,0x621d78f2ef2fd937bfca696cabaf9a779f59b3ed,2
OAX,0x701c244b988a513c945973defa05de933b23fe1d,18
UBEX,0x6704b673c70de9bf74c8fba4b4bd748f0e2190e1,18
WET,0x36d10c6800d569bb8c4fe284a05ffe3b752f972c,18
DAX,0x0b4bdc478791897274652dc15ef5c135cae61e60,18
OWN,0x170b275ced089fffaebfe927f445a350ed9160dc,8
UP,0x6ba460ab75cd2c56343b3517ffeba60748654d26,8
ELEC,0xd49ff13661451313ca1553fd6954bd1d9b6e02b9,18
PSM,0x1a66e09f7dccc10eae46e27cfa6b8d44a50df1e7,18
MVL,0xa849eaae994fb86afa73382e9bd88c2b6b18dc71,18
HST,0x554c20b7c486beee439277b4540a434566dc4c02,18
DATx,0xabbbb6447b68ffd6141da77c18c7b5876ed6c5ab,18
IXT,0xfca47962d45adfdfd1ab2d972315db4ce7ccf094,8
UFR,0xea097a2b1db00627b2fa17460ad260c016016977,18
SKM,0xd99b8a7fa48e25cce83b81812220a3e03bf64e5f,18
BAAS,0x3e65e1eefde5ea7ccfc9a9a1634abe90f32262f8,18
NET,0xcfb98637bcae43C13323EAa1731cED2B716962fD,18
ROC,0x1bcbc54166f6ba149934870b60506199b6c9db6d,10
HDG,0xffe8196bc259e8dedc544d935786aa4709ec3e64,18
LCS,0xaa19961b6b858d9f18a115f25aa1d98abc1fdba8,18
COVA,0xb37a769b37224449d92aac57de379e1267cd3b00,18
SONIQ,0x1c62aca2b7605db3606eacda7bc67a1857ddb8ff,18
VIN,0xf3e014fe81267870624132ef3a646b8e83853a96,18
SNC,0xF4134146AF2d511Dd5EA8cDB1C4AC88C57D60404,18
MDT,0x814e0908b12a99fecf5bc101bb5d0b8b5cdf7d26,18
BTT,0xfa456cf55250a839088b27ee32a424d7dacb54ff,18
TIME,0x6531f133e6deebe7f2dce5a0441aa7ef330b4e53,8
BANCA,0x998b3b82bc9dba173990be7afb772788b5acb8bd,18
SHIP,0xe25b0bba01dc5630312b6a21927e578061a13f55,18
LXT,0xbc46d9961a3932f7d6b64abfdec80c1816c4b835,18
CAPP,0x04f2e7221fdb1b52a68169b25793e51478ff0329,2
AMLT,0xca0e7269600d353f70b14ad118a49575455c0f2f,18
ROBET,0x2344871f523cbb28a4f60045531184cf1f03ad24,18
DPY,0x6c2adc2073994fb2ccc5032cc2906fa221e9b391,18
ISR,0xb16d3ed603d62b125c6bd45519eda40829549489,18
ULT,0xe884cc2795b9c45beeac0607da9539fd571ccf85,18
YEED,0xca2796f9f61dc7b238aab043971e49c6164df375,18
YEE,0x922105fad8153f516bcfb829f56dc097a0e1d705,18
EXC,0x00c4b398500645eb5da00a1a379a88b11683ba01,18
FDZ,0x23352036e911a22cfc692b5e2e196692658aded9,18
EXRN,0xe469c4473af82217b30cf17b10bcdb6c8c796e75,0
ZSC,0x7A41e0517a5ecA4FdbC7FbebA4D4c47B9fF6DC63,18
AIR,0x27dce1ec4d3f72c3e457cc50354f1f975ddef488,8
CARD,0x954b890704693af242613edef1b603825afcd708,18
BLT,0x107c4504cd79c5d2696ea0030a8dd4e92601b82e,18
FLIXX,0xf04a8ac553fcedb5ba99a64799155826c136b0be,18
KCASH,0x32d74896f05204d1b6ae7b0a3cebd7fc0cd8f9c7,18
SXUT,0x2c82c73d5b34aa015989462b2948cd616a37641f,18
DOV,0xac3211a5025414af2866ff09c23fc18bc97e79b1,18
FTN,0x66d9c4d19b4c8e23a54c6dc4ceed141f66b8111c,18
ABL,0xf8b358b3397a8ea5464f8cc753645d42e14b79ea,18
HMQ,0xcbcc0f036ed4788f63fc0fee32873d6a7487b908,8
WTL,0x9a0587eae7ef64b2b38a10442a44cfa43edd7d2a,18
LINA,0xc05d14442a510de4d3d71a3d316585aa0ce32b50,18
TMT,0x3209f98bebf0149b769ce26d71f7aea8e435efea,18
ZAP,0x6781a0f84c7e9e846dcb84a9a5bd49333067b104,18
ZMN,0x554ffc77f4251a9fb3c0e3590a6a205f8d4e067d,18
RMESH,0x8d5682941ce456900b12d47ac06a88b47c764ce1,18
LATX,0x2f85e502a988af76f7ee6d83b7db8d6c0a823bf9,8
NCC,0x5d48f293baed247a2d0189058ba37aa238bd4725,18
Bez,0x3839d8ba312751aa0248fed6a8bacb84308e20ed,18
FTI,0x943ed852dadb5c3938ecdc6883718df8142de4c8,18
HSC,0x2bba3cf6de6058cc1b4457ce00deb359e2703d7f,18
IFOOD,0x81e74a3ea4bab2277aa3b941e9d9f37b08ac5374,18
FLUZ,0x954b5de09a55e59755acbda29e1eb74a45d30175,18
PNK,0x93ed3fbe21207ec2e8f2d3c3de6e058cb73bc04d,18
CEN,0x0bc61dded5f6710c637cf8288eb6058766ce1921,18
AXPR,0xC39E626A04C5971D770e319760D7926502975e47,18
UCASH,0x92e52a1a235d9a103d970901066ce910aacefd37,8
BET,0x8aa33a7899fcc8ea5fbe6a608a109c3893a1b8b2,18
SS,0xbbff862d906e348e9946bfb2132ecb157da3d4b4,18
ONL,0x6863be0e7cf7ce860a574760e9020d519a8bdc47,18
WIX,0x7ba19b7f7d106a9a1e0985397b94f38eee0b555e,2
ABYSS,0x0e8d6b471e332f140e7d9dbb99e5e3822f728da6,18
ASTRO,0x7b22938ca841aa392c93dbb7f4c42178e3d65e88,4
PCH,0xe3f4b4a5d91e5cb9435b947f090a319737036312,18
HKN,0x9e6b2b11542f2bc52f3029077ace37e8fd838d7f,8
LFT,0xe0c8087ce1a17bdd5d6c12eb52f8d7eff7791987,18
INSTAR,0xc72fe8e3dd5bef0f9f31f259399f301272ef2a2d,18
ETK,0x3c4a3ffd813a107febd57b2f01bc344264d90fde,2
ALIS,0xea610b1153477720748dc13ed378003941d84fab,18
RVT,0x3d1ba9be9f66b8ee101911bc36d3fb562eac2244,18
TDP,0x5b11aacb6bddb9ffab908fdce739bf4aed554327,18
ELI,0xc7c03b8a3fc5719066e185ea616e87b88eba44a3,18
IDH,0x5136c98a80811c3f46bdda8b5c4555cfd9f812f0,6
OPEN,0x69c4bb240cf05d51eeab6985bab35527d04a8c64,8
Guppy,0xf7b098298f7c69fc14610bf71d5e02c60792894c,3
SHL,0x8542325b72c6d9fc0ad2ca965a78435413a915a0,18
DAV,0xd82df0abd3f51425eb15ef7580fda55727875f14,18
DRT,0x9af4f26941677c706cfecf6d3379ff01bb85d5ab,8
TFL,0xa7f976c360ebbed4465c2855684d1aae5271efa9,8
MAS,0x23ccc43365d9dd3882eab88f43d515208f832430,18
LEV,0x0f4ca92660efad97a9a70cb0fe969c755439772c,9
REAL,0x9214ec02cb71cba0ada6896b8da260736a67ab10,18
MTN,0x41dbecc1cdc5517c6f76f6a6e836adbee2754de3,18
CTR,0x96A65609a7B84E8842732DEB08f56C3E21aC6f8a,18
EKO,0xa6a840e50bcaa50da017b91a0d86b8b2d41156ee,18
SNET,0xff19138b039d938db46bdda0067dc4ba132ec71c,8
OMX,0xb5dbc6d3cf380079df3b27135664b6bcf45d1869,8
BDG,0x1961b3331969ed52770751fc718ef530838b6dee,18
MIB,0x146d8d942048ad517479c9bab1788712af180fde,18
SWT,0xb9e7f8568e08d5659f5d29c4997173d84cdf2607,18
MYST,0xa645264C5603E96c3b0B078cdab68733794B0A71,8
CBC,0x26db5439f651caf491a87d48799da81f191bdb6b,8
VZT,0x9720b467a710382A232a32F540bDCed7d662a10B,18
uDOO,0x0df721639ca2f7ff0e1f618b918a65ffb199ac4e,18
THR,0x1cb3209d45b2a60b7fbca1ccdbf87f674237a4aa,4
GARD,0x5c64031c62061865e5fd0f53d3cdaef80f72e99d,18
PYN,0x0142c3b2fc51819b5af5dfc4aa52df9722790851,18
AVT,0x0d88ed6e74bbfd96b831231638b66c05571e824f,18
NBC,0x9f195617fa8fbad9540c5d113a99a0a0172aaedc,18
DXT,0x8db54ca569d3019a2ba126d03c37c44b5ef81ef6,8
SHP,0xef2463099360a085f1f10b076ed72ef625497a06,18
OPT,0x4355fC160f74328f9b383dF2EC589bB3dFd82Ba0,18
DAGT,0x56D1aE30c97288DA4B58BC39F026091778e4E316,18
TRST,0xcb94be6f13a1182e4a4b6140cb7bf2025d28e41b,6
TOL,0xd07d9fe2d2cc067015e2b4917d24933804f42cfa,18
PTOY,0x8ae4bf2c33a8e667de34b54938b0ccd03eb8cc06,8
PRIX,0x3adfc4999f77d04c8341bac5f3a76f58dff5b37a,8
ZPR,0xb5b8f5616fe42d5ceca3e87f3fddbdd8f496d760,18
ORME,0x516e5436bafdc11083654de7bb9b95382d08d5de,8
FUCK,0x65be44c747988fbf606207698c944df4442efe19,4
BBN,0x35a69642857083ba2f30bfab735dacc7f0bac969,18
X8X,0x910dfc18d6ea3d6a7124a6f8b5458f281060fa4c,18
MLC,0xc72ed4445b3fe9f0863106e344e241530d338906,18
EXY,0x5c743a35E903F6c584514ec617ACEe0611Cf44f3,18
ADST,0x422866a8f0b032c5cf1dfbdef31a20f4509562b0,0
GEM,0xc7bba5b765581efb2cdd2679db5bea9ee79b201f,18
MITx,0x4a527d8fc13c5203ab24ba0944f4cb14658d1db6,18
AID,0x37e8789bb9996cac9156cd5f5fd32599e6b91289,18
LEDU,0x5b26c5d0772e5bbac8b3182ae9a13f9bb2d03765,8
CPAY,0x0Ebb614204E47c09B6C3FeB9AAeCad8EE060E23E,0
BOXX,0x780116d91e5592e58a3b3c76a351571b39abcec6,15
WAB,0x4bbbc57af270138ef2ff2c50dbfad684e9e0e604,18
FACE,0x1ccaa0f2a7210d76e1fdec740d5f323e2e1b1672,18
OXY,0x869b1f57380ae501d387b19262efd3c0eb7501b0,18
SVD,0xbdeb4b83251fb146687fa19d1c660f99411eefe3,18
XNK,0xbc86727e770de68b1060c91f6bb6945c73e10388,18
INXT,0xa8006c4ca56f24d6836727d106349320db7fef82,8
KIND,0x4618519de4c304f3444ffa7f812dddc2971cc688,8
PIX,0x8eFFd494eB698cc399AF6231fCcd39E08fd20B15,0
FOOD,0x2a093BcF0C98Ef744Bb6F69D74f2F85605324290,8
TTU,0x9cda8a60dd5afa156c95bd974428d91a0812e054,18
LGD,0x59061b6f26BB4A9cE5828A19d35CFD5A4B80F056,8
LIFE,0xff18dbc487b4c2e3222d115952babfda8ba52f5f,18
VLD,0x922ac473a3cc241fd3a0049ed14536452d58d73c,18
DAT,0x81c9151de0c8bafcd325a57e3db5a5df1cebf79c,18
STK,0xae73b38d1c9a8b274127ec30160a4927c4d71824,18
DTH,0x5adc961d6ac3f7062d2ea45fefb8d8167d44b190,18
FLP,0x3a1bda28adb5b0a812a7cf10a1950c920f79bcd3,18
ABX,0x9a794dc1939f1d78fa48613b89b8f9d0a20da00e,18
SNTR,0x2859021ee7f2cb10162e67f33af2d22764b31aff,4
THRT,0x4f27053f32eda8af84956437bc00e5ffa7003287,18
IPL,0x64cdf819d3e75ac8ec217b3496d7ce167be42e80,18
UQC,0xd01db73e047855efb414e6202098c4be4cd2423b,18
DEB,0x151202c9c18e495656f372281f493eb7698961d5,18
MOZO,0x44bf22949f9cc84b61b9328a9d885d1b5c806b41,2
HGT,0xba2184520a1cc49a6159c57e61e1844e085615b6,8
LIKE,0x02f61fd266da6e8b102d4121f5ce7b992640cf98,18
SEAL,0xd7b3669c7d3e38ab5a441383d41f25e003e02148,18
iETH,0x859a9c0b44cb7066d956a958b0b82e54c9e44b4b,8
PLAY,0xe477292f1b3268687a29376116b0ed27a9c76170,18
CPY,0xf44745fbd41f6a1ba151df190db0564c5fcc4410,18
ART,0xfec0cf7fe078a500abf15f1284958f22049c2c7e,18
WISH,0x1b22c32cd936cb97c28c5690a0695a82abf688e6,18
REBL,0x5f53f7a8075614b699baad0bc2c899f4bad8fbbf,18
TGAME,0xf8e06e4e4a80287fdca5b02dccecaa9d0954840f,18
ALX,0x49b127bc33ce7e1586ec28cec6a65b112596c822,18
IDXM,0xcc13fc627effd6e35d2d2706ea3c4d7396c610ea,8
SENSE,0x6745fab6801e376cd24f03572b9c9b0d4edddccf,8
NPER,0x4ce6b362bc77a24966dda9078f9cef81b3b886a7,18
TGT,0xac3da587eac229c9896d919abc235ca4fd7f72c1,1
BEE,0x4d8fc1453a0f359e99c9675954e656d80d996fbf,18
CAN,0x1d462414fe14cf489c7a21cac78509f4bf8cd7c0,6
NIO,0x5554e04e76533e1d14c52f05beef6c9d329e1e30,0
0xBTC,0xb6ed7644c69416d67b522e20bc294a9a9b405b31,8
ADB,0x2baac9330cf9ac479d819195794d79ad0c7616e3,18
C8,0xd42debe4edc92bd5a3fbb4243e1eccf6d63a4a5d,18
ALI,0x4289c043a12392f1027307fb58272d8ebd853912,18
ATL,0x78b7fada55a64dd895d8c8c35779dd8b67fa8a05,18
HAT,0x9002d4485b7594e3e850f0a206713b305113f69e,12
BLUE,0x539efe69bcdd21a83efd9122571a64cc25e0282b,8
ERO,0x74ceda77281b339142a36817fa5f9e29412bab85,8
VIT,0x23b75bc7aaf28e2d6628c3f424b3882f8f072a3c,18
CHP,0xf3db7560e820834658b590c96234c333cd3d5e5e,18
BETHER,0x14c926f2290044b647e1bf2072e67b495eff1905,18
HOLD,0xd6e1401a079922469e9b965cb090ea6ff64c6839,18
VRS,0x92e78dae1315067a8819efd6dca432de9dcde2e9,6
BITPARK,0xf3d29fb98d2dc5e78c87198deef99377345fd6f1,8
FTX,0xd559f20296ff4895da39b5bd9add54b442596a61,18
STX,0x006bea43baa3f7a6f765f14f10a1a1b08334ef45,18
IPSX,0x001f0aa5da15585e5b2305dbab2bac425ea71007,18
GLA,0x71d01db8d6a2fbea7f8d434599c237980c234e4c,8
INV,0xece83617db208ad255ad4f45daf81e25137535bb,8
ATMI,0x97aeb5066e1a590e868b511457beb6fe99d329f5,18
COFI,0x3136ef851592acf49ca4c825131e364170fa32b3,18
BITX,0xff2b3353c3015e9f1fbf95b9bda23f58aa7ce007,18
POLL,0x705EE96c1c160842C92c1aeCfCFfccc9C412e3D9,18
CLN,0x4162178b78d6985480a308b2190ee5517460406d,18
CRC,0xf41e5fbc2f6aac200dd8619e121ce1f05d150077,18
SNOV,0xbdc5bac39dbe132b1e030e898ae3830017d7d969,18
ESS,0xfc05987bd2be489accf0f509e44b0145d68240f7,18
OPTI,0x832904863978b94802123106e6eb491bdf0df928,18
ARY,0xa5f8fc0921880cb7342368bd128eb8050442b1a1,18
UBC,0x2d3e7d4870a51b918919e7b851fe19983e4c38d5,18
UCN,0xaaf37055188feee4869de63464937e683d61b2a1,18
SCC,0x74fd51a98a4a1ecbef8cc43be801cce630e260bd,18
ZLA,0xfd8971d5e8e1740ce2d0a84095fca4de729d0c16,18
INVE,0xdac4ae188ace3c8985765edc6c9b4739d4845ddc,18
TIE,0x999967e2ec8a74b7c8e9db19e039d920b31d39d0,18
XNN,0xab95e915c123fded5bdfb6325e35ef5515f1ea69,18
BNTY,0xd2d6158683aee4cc838067727209a0aaf4359de3,18
dow,0x76974c7b79dc8a6a109fd71fd7ceb9e40eff5382,18
AGVC,0x86d5b3b108dbc56e9e5ea7d5c56a3e32ccadac35,18
RTB,0xec491c1088eae992b7a214efb0a266ad0927a72a,18
OLE,0x9d9223436ddd466fc247e9dbbd20207e640fef58,18
PLU,0xD8912C10681D8B21Fd3742244f44658dBA12264E,18
RLX,0x4a42d2c580f83dce404acad18dab26db11a1750e,18
BERRY,0x6aeb95f06cda84ca345c2de0f3b7f96923a44f4c,14
SENC,0xa13f0743951b4f6e3e3aa039f682e17279f52bc3,18
REF,0x89303500a7abfb178b274fd89f2469c264951e1f,8
EVE,0x923108a439c4e8c2315c4f6521e5ce95b44e9b4c,18
SPX,0x05aaaa829afa407d83315cded1d45eb16025910c,18
J8T,0x0d262e5dc4a06a0f1c90ce79c7a60c09dfc884e4,8
RTE,0x436f0f3a982074c4a05084485d421466a994fe53,18
FLOT,0x049399a6b048d52971f7d122ae21a1532722285f,18
BDT,0x033030feebd93e3178487c35a9c8ca80874353c9,18
WRC,0x72adadb447784dd7ab1f472467750fc485e4cb2d,6
SCL,0xd7631787b4dcc87b1254cfd1e5ce48e96823dee8,8
PHI,0x13c2fab6354d3790d8ece4f0f1a3280b4a25ad96,18
PKT,0x2604fa406be957e542beb89e6754fcde6815e83f,18
EVC,0xb62d18dea74045e822352ce4b3ee77319dc5ff2f,18
BETR,0x763186eb8d4856d536ed4478302971214febc6a9,18
1WO,0xfdbc1adc26f0f8f8606a5d63b7d3a3cd21c22b23,8
SPN,0x20f7a3ddf244dc9299975b4da1c39f8d5d75f05a,6
HER,0x491c9a23db85623eed455a8efdd6aba9b911c5df,18
SKIN,0x2bdc0d42996017fce214b21607a515da41a9e0c5,6
NxC,0x45e42D659D9f9466cD5DF622506033145a9b89Bc,3
NXX,0x7627de4b93263a6a7570b8dafa64bae812e5c394,8
TBX,0x3a92bd396aef82af98ebc0aa9030d25a23b11c6b,18
LION,0x2167fb82309cf76513e83b25123f8b0559d6b48f,18
ETA,0x9195e00402abe385f2d00a32af40b271f2e87925,18
HB,0xf0d8f9deeceb881c269854617c9bed6ed2e1530b,18
EBTC,0xeb7c20027172e5d143fb030d50f91cece2d1485d,8
MNTP,0x83cee9e086a77e492ee0bb93c2b0437ad6fdeccc,18
HBZ,0xe34e1944e776f39b9252790a0527ebda647ae668,18
MTX,0x0af44e2784637218dd1d32a322d44e603a8f0c6a,18
ERT,0x92A5B04D0ED5D94D7a193d1d334D3D16996f4E13,18
FYP,0x8f0921f30555624143d427b340b1156914882c10,18
ZIPT,0xedd7c94fd7b4971b916d15067bc454b9e1bad980,18
GMT,0xb3bd49e28f8f832b8d1e246106991e546c323502,18
Rating,0xe8663a64a96169ff4d95b4299e7ae9a76b905b31,8
STRC,0x46492473755e8df960f8034877f61732d718ce96,8
PTS,0x540e5fff293f523acd26291b5bc7ac5713991feb,8
BOUTS,0x139d9397274bb9e2c29a9aa8aa0b5874d30d62e3,18
DAN,0x9b70740e708a083c6ff38df52297020f5dfaa5ee,10
RPM,0x490c95be16384e1f28b9e864e98ffecfcbff386d,18
TIG,0xeee2d00eb7deb8dd6924187f5aa3496b7d06e62a,18
ETBS,0x1b9743f556d65e757c4c650b4555baf354cb8bd3,12
JSE,0x2d184014b5658c453443aa87c8e9c4d57285620b,18
CST,0xbb49a51ee5a66ca3a8cbe529379ba44ba67e6771,18
FREC,0x17e67d1cb4e349b9ca4bc3e17c7df2a397a7bb64,18
KRL,0x464ebe77c293e473b48cfe96ddcf88fcf7bfdac0,18
S,0x96b0bf939d9460095c15251f71fda11e41dcbddb,18
PTT,0x4689a4e169eb39cc9078c0940e21ff1aa8a39b9c,18
PBL,0x55648de19836338549130b1af587f16bea46f66b,18
CCRB,0xe4c94d45f7aef7018a5d66f44af780ec6023378e,6
VOISE,0x83eEA00D838f92dEC4D1475697B9f4D3537b56E3,8
SGN,0xb2135ab9695a7678dd590b1a996cb0f37bcb0718,9
IFT,0x7654915a1b82d6d2d0afc37c52af556ea8983c7e,18
EMV,0xb802b24e0637c2b87d2e8b7784c055bbe921011a,2
IND,0xf8e386eda857484f5a12e4b5daa9984e06e73705,18
FKX,0x009e864923b49263c7f10d19b7f8ab7a9a5aad33,18
PFR,0x2fa32a39fc1c399e0cc7b2935868f5165de7ce97,8
ADL,0x660e71483785f66133548B10f6926dC332b06e61,18
CPLO,0x7064aab39a0fcf7221c3396719d0917a65e35515,18
CRED,0x672a1ad4f667fb18a333af13667aa0af1f5b5bdd,18
EQL,0x47dd62d4d075dead71d0e00299fc56a2d747bebb,18
HORSE,0x5b0751713b2527d7f002c0c4e2a37e1219610a6b,18
FREE,0x2f141ce366a2462f02cea3d12cf93e4dca49e4fd,18
PYLNT,0x7703c35cffdc5cda8d27aa3df2f9ba6964544b6e,18
MESH,0xf03045a4c8077e38f3b8e2ed33b8aee69edf869f,18
AUC,0xc12d099be31567add4e4e4d0d45691c3f58f5663,18
LOCI,0x9c23d67aea7b95d80942e3836bcdf7e708a747c2,18
KNT,0xff5c25d2f40b47c4a37f989de933e26562ef0ac0,16
KWATT,0x241ba672574a78a3a604cdd0a94429a73a84a324,18
HAC,0x43567eb78638A55bbE51E9f9FB5B2D7AD1F125aa,4
SIG,0x6888a16ea9792c15a4dcf2f6c623d055c8ede792,18
ETHM,0x56b6431f45d08eed55f34371386326c739eacbcc,18
LALA,0xfd107b473ab90e8fbd89872144a3dc92c40fa8c9,18
BTB,0xc429e7b63dc30b51f5a7e4be23fd5eb4baf8a1c3,18
RPD,0x4bf4f2ea258bf5cb69e9dc0ddb4a7a46a7c10c53,18
WEB,0x840fe75abfadc0f2d54037829571b2782e919ce4,18
DTX,0x765f0c16d1ddc279295c1a7c24b0883f62d33f75,18
CTX,0x662abcad0b7f345ab7ffb1b1fbb9df7894f18e66,18
IONC,0xbc647aad10114b89564c0a7aabe542bd0cf2c5af,18
STAC,0x9a005c9a89bd72a4bd27721e7a09a3c11d2b03c4,18
PMNT,0x81b4d08645da11374a03749ab170836e4e539767,9
BTCA,0x02725836ebf3ecdb1cdf1c7b02fcbbfaa2736af8,8
RCT,0x13f25cd52b21650caa8225c9942337d914c9b030,18
E4ROW,0xce5c603c78d047ef43032e96b5b785324f753a4f,2
NAVI,0x588047365df5ba589f923604aac23d673555c623,18
ATM,0x9B11EFcAAA1890f6eE52C6bB7CF8153aC5d74139,8
NEWB,0x814964b1bceAf24e26296D031EaDf134a2Ca4105,0
PARETO,0xea5f88e54d982cbb0c441cde4e79bc305e5b43bc,18
ERC20,0xc3761eb917cd790b30dad99f6cc5b4ff93c4f9ea,18
LNK,0xe2e6d4be086c6938b53b22144855eef674281639,18
CL,0xe81d72d14b1516e68ac3190a46c93302cc8ed60f,18
BOE,0x970e035e2a013cf4becd67e300d65bc32a56d826,8
MFG,0x6710c63432a2de02954fc0f851db07146a6c0312,18
ORS,0xeb9a4b185816c354db92db09cc3b50be60b901b6,18
SURE,0x95382ac82e886a367bac9e1e23beabe569bcfed8,6
METM,0xfef3884b603c33ef8ed4183346e093a173c94da6,18
FID,0x52fb36c83ad33c1824912fc81071ca5eeb8ab390,18
PARKGENE ,0x6dd4e4aad29a40edd6a409b9c1625186c9855b4d,8
CRBT,0x2cf618c19041d9db330d8222b860a624021f30fb,18
BOB,0xDF347911910b6c9A4286bA8E2EE5ea4a39eB2134,18
XCLR,0x1e26b3d07e57f453cae30f7ddd2f945f5bf3ef33,8
TRAK,0x12759512d326303b45f1cec8f7b6fd96f387778e,18
LCT,0x05c7065d644096a4e4c3fe24af86e36de021074b,18
SPF,0x85089389c14bd9c77fc2b8f0c3d1dc3363bf06ef,18
TALAO,0x1d4ccc31dab6ea20f461d329a0562c1c58412515,18
ONG,0xd341d1680eeee3255b8c4c75bcce7eb57f144dae,18
MIC,0x3a1237d38d0fb94513f85d61679cad7f38507242,18
KAT,0x88FCFBc22C6d3dBaa25aF478C578978339BDe77a,18
NOBS,0xf4faea455575354d2699bc209b0a65ca99f69982,18
BCDT,0xacfa209fb73bf3dd5bbfb1101b9bc999c49062a5,18
BEAT,0x2fb12bccf6f5dd338b76be784a93ade072425690,18
EZT,0x5e6016ae7d7c49d347dcf834860b9f3ee282812b,8
XOV,0x153ed9cc1b792979d2bde0bbf45cc2a7e436a5f9,18
NDC,0xa54ddc7b3cce7fc8b1e3fa0256d0db80d2c10970,18
ESZ,0xe8a1df958be379045e2b46a31a98b93a2ecdfded,18
XMCT,0x44449Fa4d607F807d1eD4a69ad942971728391C8,18
ZXC,0x83e2be8d114f9661221384b3a50d24b96a5653f5,18
BTK,0xdb8646f5b487b5dd979fac618350e85018f557d4,18
WIZ,0x2f9b6779c37df5707249eeb3734bbfc94763fbe2,18
ELY,0xa95592dcffa3c080b4b40e459c5f5692f67db7f8,18
FT,0x78a73B6CBc5D183CE56e786f6e905CaDEC63547B,18
DRPU,0xe30e02f049957e2a5907589e06ba646fb2c321ba,8
ZINC,0x4aac461c86abfa71e9d00d9a2cde8d74e4e1aeea,18
EXMR,0xc98e0639c6d2ec037a615341c369666b110e80e5,8
BON,0xcc34366e3842ca1bd36c1f324d15257960fcc801,18
AIX,0x1063ce524265d5a3a624f4914acd573dd89ce988,18
STU,0x0371a82e4a9d0a4312f3ee2ac9c6958512891372,18
ADI,0x8810c63470d38639954c6b41aac545848c46484a,18
BBO,0x84f7c44b6fed1080f647e354d552595be2cc602f,18
VIEW,0xf03f8d65bafa598611c3495124093c56e8f638f0,18
CYFM,0x3f06b5d78406cd97bdf10f5c420b241d32759c80,18
LUC,0x5dbe296f97b23c4a6aa6183d73e574d02ba5c719,18
TNS,0xb0280743b44bf7db4b6be482b2ba7b75e5da096c,18
REX,0xf05a9382A4C3F29E2784502754293D88b835109C,18
AMN,0x737f98ac8ca59f2c68ad658e3c3d8c8963e40a4c,18
JET,0x8727c112c712c4a03371ac87a74dd6ab104af768,18
eGAS,0xb53a96bcbdd9cf78dff20bab6c2be7baec8f00f8,8
FND,0x4df47b4969b2911c966506e3592c41389493953b,18
ACE,0x06147110022b768ba8f99a8f385df11a151a9cc8,0
WELL,0x684e2dcb12bb755237e07242529c82f78a84ea61,18
FTXT,0x41875c2332b0877cdfaa699b641402b7d4642c32,8
DAY,0xE814aeE960a85208C3dB542C53E7D4a6C8D5f60F,18
TKA,0xdae1baf249964bc4b6ac98c3122f0e3e785fd279,18
ONE,0x4d807509aece24c0fa5a102b6a3b059ec6e14392,18
MORE,0x501262281b2ba043e2fbf14904980689cddb0c78,2
MTRc,0x1e49ff77c355a3e38d6651ce8404af0e48c5395f,18
SGR,0xcb5a05bef3257613e984c17dbcf039952b6d883f,8
ING,0x24ddff6d8b8a42d835af3b440de91f3386554aa4,18
ALT,0x419b8ed155180a8c9c64145e76dad49c0a4efb97,18
JC,0xe2d82dc7da0e6f882e96846451f4fabcc8f90528,18
NER,0xee5dfb5ddd54ea2fb93b796a8a1b83c3fe38e0e6,18
SMS,0x39013f961c378f02c2b82a6e1d31e9812786fd9d,3
HUR,0xcdb7ecfd3403eef3882c65b761ef9b5054890a47,18
TIC,0x72430a612adc007c50e3b6946dbb1bb0fd3101d1,8
RIYA,0x0b1724cc9fda0186911ef6a75949e9c0d3f0f2f3,8
BBI,0x37d40510a2f5bc98aa7a0f7bf4b3453bcfb90ac1,18
CRB,0xAef38fBFBF932D1AeF3B808Bc8fBd8Cd8E1f8BC5,8
KNDC,0x8e5610ab5e39d26828167640ea29823fe1dd5843,8
WIN,0x899338b84d25ac505a332adce7402d697d947494,8
EPY,0x50ee674689d75c0f88e8f83cfe8c4b69e8fd590d,8
OTN,0x881ef48211982d01e2cb7092c915e647cd40d85c,18
Italian Lira ,0x122A86b5DFF2D085AfB49600b4cd7375D0d94A5f,8
NDX,0x1966d718a565566e8e202792658d7b5ff4ece469,18
DIT,0xf14922001a2fb8541a433905437ae954419c2439,8
BTRN,0x03c780cd554598592b97b7256ddaad759945b125,18
ITT,0x0aef06dcccc531e581f0440059e6ffcc206039ee,8
JOT,0xdb455c71c1bc2de4e80ca451184041ef32054001,18
SUR,0xe120c1ecbfdfea7f0a8f0ee30063491e8c26fedf,8
SIM,0x7528e3040376edd5db8263db2f5bd1bed91467fb,18
MASH,0xa0d440c6da37892dc06ee7930b2eede0634fd681,8
FBN,0x568f9f32969e29b5ce1a4545be5398e8cc7c4401,8
BITS,0xcc53C2E5e2421cb5a5307Ed1C229816d71266292,18
DTRC,0xc20464e0c373486d2b3335576e83a218b1618a5e,18
XBL,0x49aec0752e68d0282db544c677f6ba407ba17ed7,18
ICE,0x5a84969bb663fb64f6d015dcf9f622aedc796750,18
TRCT,0x30ceCB5461A449A90081F5a5F55db4e048397BAB,8
WIT,0xe13ef257cf4d5df928ca11d230427c037666d466,6
PKG,0x02f2d4a04e6e01ace88bd2cd632875543b2ef577,18
HELP,0xbbc2045d335cb224228f1850b29173d9d7d7b989,18
eBCH,0xafc39788c51f0c1ff7b55317f3e70299e521fff6,8
VSL,0x5c543e7AE0A1104f78406C340E9C64FD9fCE5170,18
KWH,0xebc7cd2684dd96619841c7994343c5a8bda94b10,18
ETG,0x28c8d01ff633ea9cd8fc6a451d7457889e698de6,0
IG,0x8a88f04e0c905054d2f33b26bb3a46d7091a039a,18
DDF,0xcc4ef9eeaf656ac1a2ab886743e98e97e090ed38,18
ATS,0x2dAEE1AA61D60A252DC80564499A69802853583A,4
VIU,0x519475b31653e46d20cd09f9fdcf3b12bdacb4f5,18
DOR,0x906b3f8b7845840188eab53c3f5ad348a787752f,15
BC,0x2ecb13a8c458c379c4d9a7259e202de03c8f3d19,18
ELTCOIN,0x44197a4c44d6a059297caf6be4f7e172bd56caaf,8
RLT,0xcced5b8288086be8c38e23567e684c3740be4d48,10
CCT,0x336f646f87d9f6bc6ed42dd46e8b3fd9dbd15c22,18
300,0xaec98a708810414878c3bcdf46aad31ded4a4557,18
SAT,0xc56b13ebbcffa67cfb7979b900b736b3fb480d78,8
BTCR,0x6aac8cb9861e42bf8259f5abdc6ae3ae89909e11,8
CYL,0x26cb3641aaa43911f1d4cb2ce544eb652aac7c47,18
ARCT,0x1245ef80f4d9e02ed9425375e8f649b9221b31d8,8
BTR,0x499a6b77bc25c26bcf8265e2102b1b3dd1617024,18
CYMT,0x78c292d1445e6b9558bf42e8bc369271ded062ea,8
CDX,0x6fff3806bbac52a20e0d79bc538d527f6a22c96b,18
UET,0x27f706edde3aD952EF647Dd67E24e38CD0803DD6,18
QURO,0x076a93a40bf9e0d21d3f75dd1e0584ddbe0f9d1a,18
NRP,0x3918c42f14f2eb1168365f911f63e540e5a306b5,8
MCAP,0x93e682107d1e9defb0b5ee701c71707a4b2e46bc,8
ORI,0xd2fa8f92ea72abb35dbd6deca57173d22db2ba49,18
VIKKY,0xd2946be786f35c3cc402c29b323647abda799071,8
GRMD,0xb444208cb0516c150178fcf9a52604bc04a1acea,18
MICRO,0xbe6c8f2810ef39420d2dc2901b8414c8c45fee6d,18
MCI,0x138a8752093f4f9a79aaedf48d4b9248fab93c9c,18
TEAM,0x1c79ab32c66acaa1e9e81952b8aaa581b43e54e7,4
ETHD,0xdbfb423e9bbf16294388e07696a5120e4ceba0c5,18
SNR,0x47d1a59cbdd19aee060c859c0009277e245328ae,18
WTN,0x0ea984e789302b7b612147e4e4144e64f21425eb,8
DGPT,0xf6cfe53d6febaeea051f400ff5fc14f0cbbdaca1,18
NOX,0xec46f8207d766012454c408de210bcbc2243e71c,18
TYPE,0xeaf61fc150cd5c3bea75744e830d916e60ea5a9f,4
EMB,0x386467f1f3ddbe832448650418311a479eecfc57,0
EARTH,0x900b4449236a7bb26b286601dd14d2bde7a6ac6c,8
POSS,0x6b193e107a773967bd821bcf8218f3548cfa2503,18
WILD,0xd3c00772b24d997a812249ca637a921e81357701,18
SGP,0x33c623a2baafeb8d15dfaf3ce44095efec83d72c,18
YUP,0xd9a12cde03a86e800496469858de8581d3a5353d,18
EZW,0x78a2a1029e3168b49d3a276c787050ff5106dcf2,18
CCO,0x679badc551626e01b23ceecefbc9b877ea18fc46,18
TRDT,0x33f90dee07c6e8b9682dd20f73e6c358b2ed0f03,0
TCH,0x9972a0f24194447e73a7e8b6cd26a52e02ddfad5,0
SOL,0x1f54638b7737193ffd86c19ec51907a7c41755d8,6
DGS,0x6aedbf8dff31437220df351950ba2a3362168d1b,8
MNE,0x1a95b271b0535d15fa49932daba31ba612b52946,8
ZNT,0xe95990825aab1a7f0af4cc648f76a3bcc99f25b2,18
RMC,0x7dc4f41294697a7903c4027f6ac528c5d14cd7eb,8
BNN,0xda80b20038bdf968c7307bb5907a469482cf6251,8
GUESS,0xbdcfbf5c4d91abc0bc9709c7286d00063c0e6f22,2
EBET,0x7D5Edcd23dAa3fB94317D32aE253eE1Af08Ba14d,2
FRV,0x48df4e0296f908ceab0428a5182d19b31fc037d6,8
MFTU,0x05d412ce18f24040bb3fa45cf2c69e506586d8e8,18
BNC,0xef51c9377feb29856e61625caf9390bd0b67ea18,8
NTWK,0x2233799ee2683d75dfefacbcd2a26c78d34b470d,18
BRAT,0x9e77d5a1251b6f7d456722a6eac6d2d5980bd891,8
IXE,0x7a07e1a0c2514d51132183ecfea2a880ec3b7648,18
CJT,0x3abdff32f76b42e7635bdb7e425f0231a5f3ab17,18
FLIK,0x17fd666fa0784885fa1afec8ac624d9b7e72b752,14
CTRT,0x8606a8f28e1e2fd50b9074d65c01548b1f040b32,8
YLC,0x21d5678a62dfe63a47062469ebb2fac2817d8832,8
IBTC,0x0784dbabb6c6834bddfb7cfee116ba049e5dafab,18
QVT,0x1183f92a5624d68e85ffb9170f16bf0443b4c242,18
IMP,0x48ff53777f747cfb694101222a944de070c15d36,7
DELTA,0xde1e0ae6101b46520cf66fdc0b1059c5cc3d106c,8
ACTP,0x7b2df125567815ac9b57da04b620f50bc93b320c,8
DALC,0x07d9e49ea402194bf48a8276dafb16e4ed633317,8
ACC,0x13f1b7fdfbe1fc66676d56483e21b1ecb40b58e2,18
TKR,0xb45a50545beeab73f38f31e5973768c421805e5e,18
BTCONE,0x87f5e8c3425218837f3cb67db941af0c01323e56,18
FNTB,0xbd4b60a138b3fce3584ea01f50c0908c18f9677a,8
POS,0xee609fe292128cad03b786dbb9bc2634ccdbe7fc,18
AAA,0xd938137e6d96c72e4a6085412ada2dad78ff89c4,8
STR,0xBAE235823D7255D9D48635cEd4735227244Cd583,18
APC,0x15bda08c3afbf5955d6e9b235fd55a1fd0dbc829,6
NTO,0x8a99ed8a1b204903ee46e733f2c1286f6d20b177,18
EAGLE,0x994f0dffdbae0bbf09b652d6f11a493fd33f42b9,18
BAS,0x2a05d22db079bc40c2f77a1d1ff703a56e631cc1,8
AI,0x5121e348e897daef1eef23959ab290e5557cf274,18
RGS,0x4c383bdcae52a6e1cb810c76c70d6f31a249ec9b,8
BLN,0xca29db4221c111888a7e80b12eac8a266da3ee0d,18
XLMX,0xab2282e27533749d7883e24f82dc8dfa2b3e3c85,18
CUSD,0x1410d4ec3d276c0ebbf16ccbe88a4383ae734ed0,18
XLC,0x8faf0be1465b9be70ee73d9123b2a1fdd9f2aae4,8
HAND,0x48C1B2f3eFA85fbafb2ab951bF4Ba860a08cdBB7,0
XMC,0xaa3f6003d72fb579f29a91742cf3cefea83cebba,18
GAM,0xf67451dc8421f0e0afeb52faa8101034ed081ed9,8
MNC,0x9f0f1Be08591AB7d990faf910B38ed5D60e4D5Bf,18
HXRO,0x4bd70556ae3f8a6ec6c4080a0c327b24325438f3,18
STASIA,0x6374ea91693f1eccb4f7705a1cbad994c0b8f874,18
SODA Coin,0x1dd7c1a2be393644bf56420aa64d53058a3c430a,18
MATIC,0x7d1afa7b718fb893db30a3abc0cfc608aacfebb0,18
HKR,0xfce9c2df151745e77150b9f35ab23cc81d3e8004,8